{
  "metrics": {
    "rate": 1.0573287143758798,
    "lo": 0.7401301000631159,
    "hi": 1.374527328688644
  },
  "uncertainty": {
    "rf_heating": {
      "nominal": 1.0573287143758798,
      "lo": 0.7401301000631159,
      "hi": 1.374527328688644
    }
  },
  "components": {
    "rf_heating": {
      "rate": 1.0573287143758798
    }
  },
  "metadata": {
    "omega_sec": 6283180.0,
    "mass": 2.29e-25,
    "T": 300.0,
    "S_E0": 2.5e-08,
    "temperature": 300.0
  }
}