{
  "metrics": {
    "rate": 0.9981166202226097,
    "lo": 0.6986816341558267,
    "hi": 1.2975516062893926
  },
  "uncertainty": {
    "rf_heating": {
      "nominal": 0.9981166202226097,
      "lo": 0.6986816341558267,
      "hi": 1.2975516062893926
    }
  },
  "components": {
    "rf_heating": {
      "rate": 0.9981166202226097
    }
  },
  "metadata": {
    "omega_sec": 6283185.307179586,
    "mass": 2.29e-25,
    "T": 300.0,
    "S_E0": 2.36e-08,
    "temperature": 300.0
  }
}