{
  "nist2016_heating": {
    "pass": true,
    "dev": 0.0018833797773902816,
    "sigma": 0.15
  },
  "innsbruck2018_rates": {
    "pass": true,
    "dev": 0.09262125434308215,
    "sigma": 0.1
  },
  "umd2019_micromotion": {
    "pass": true,
    "dev": 0.10901846691401076,
    "sigma": 0.1
  }
}